<?xml version="1.0" encoding="UTF-8"?>
<!DOCTYPE mapper
        PUBLIC "-//mybatis.org//DTD Mapper 3.0//EN"
        "http://mybatis.org/dtd/mybatis-3-mapper.dtd">

<mapper namespace="com.example.dao.standard.AnimeDao">

    <sql id="anime">
        id,name,url,type,size,cavalry,publish_time
    </sql>


    <insert id="saveAnime" parameterType="com.example.module.AnimeModule">
        insert into t_anime
        (<include refid="anime"/>)
        values (#{id},#{name},#{url},#{type},#{size},#{cavalry},#{publishTime})
    </insert>

    <select id="selectCountByName" resultType="java.lang.Integer">
        select count(id) from t_anime
        <where>
            name=#{name}
            and status=1;
        </where>
    </select>
</mapper>