<?xml version="1.0" encoding="UTF-8"?>
<!DOCTYPE mapper
        PUBLIC "-//mybatis.org//DTD Mapper 3.0//EN"
        "http://mybatis.org/dtd/mybatis-3-mapper.dtd">

<mapper namespace="com.example.dao.standard.DefeatDao">

    <insert id="insertNewPage" parameterType="com.example.module.DefeatModule">
    insert into t_defeat (id,url) values (#{id},#{url})

</insert>
    <select id="getCountByurl" parameterType="java.lang.String">
        select count(id) from t_defeat
        <where>
            url=#{url}
        </where>
    </select>

    <update id="updateRetryTimes">
        update t_defeat
        set retry=retry+1,status=1
        <where>
            url=#{url}
        </where>
    </update>

    <update id="updateDefeatStatus" parameterType="java.lang.Integer">
        update t_defeat
        set status=#{status}
        <where>
        url in
        <foreach collection="urls" item="item" separator="," open="(" close=")">
            #{item}
        </foreach>
         and status=1
        </where>
    </update>

    <select id="getDefeatRecord" resultType="java.lang.String">
        select url from t_defeat
        <where>
            <![CDATA[retry<4]]>
           and status=1
        </where>
    </select>
</mapper>