<?xml version="1.0" encoding="UTF-8"?>
<!DOCTYPE mapper
        PUBLIC "-//mybatis.org//DTD Mapper 3.0//EN"
        "http://mybatis.org/dtd/mybatis-3-mapper.dtd">

<mapper namespace="com.example.dao.standard.ProductTaohuaDao">
    
    <sql id="teacher">
        id,teacher_id,licence,description,url,cavalry,size,type,publish_time,create_time,update_time,status
    </sql>


    <insert id="insertNewProduct" parameterType="com.example.module.ProductModule">
        insert into t_product_taohua
        (
        <include refid="teacher"></include>
        ) values (#{id},#{teacherId},#{licence},#{description},#{url},#{cavalry},#{size},#{type},#{publishTime},SYSDATE(),SYSDATE(),#{status})
    </insert>

    <insert id="insertNewHeProduct" parameterType="com.example.module.ProductModule">
        insert into t_product_bar
        (
        <include refid="teacher"></include>
        ) values (#{id},#{teacherId},#{licence},#{description},#{url},#{cavalry},#{size},#{type},#{publishTime},SYSDATE(),SYSDATE(),#{status})
    </insert>

    <select id="selectCountByLicence" resultType="java.lang.Integer">
        select count(temp.id) from (
        select id from t_product
        <where>
            licence=#{licence}
        </where>
        union
        select id from t_product_taohua
        <where>
            licence=#{licence}
        </where>
        union
        select id from t_product_bar
        <where>
            licence=#{licence}
        </where>
        ) temp
    </select>
</mapper>