<?xml version="1.0" encoding="UTF-8"?>
<!DOCTYPE mapper
        PUBLIC "-//mybatis.org//DTD Mapper 3.0//EN"
        "http://mybatis.org/dtd/mybatis-3-mapper.dtd">

<mapper namespace="com.example.dao.standard.ProductDao">

    <sql id="teacher">
        id,teacher_id,title,licence,description,url,cavalry,size,type,publish_time,create_time,update_time,status
    </sql>

    <insert id="insertNewProductByType" parameterType="com.example.module.ProductModule">
        insert into
        <choose>
            <when test="type !=null and type=='pingse'">
                t_product
            </when>
            <when test="type !=null and type=='taohua'">
                t_product_taohua
            </when>
            <when test="type !=null and type=='pingse_anime'">
                t_anime
            </when>
            <when test="type !=null and type=='bar'">
                t_product_bar
            </when>
        </choose>
        (
        <include refid="teacher"/>
        ) values (
        #{productModule.id},#{productModule.teacherId},#{productModule.title},#{productModule.licence},
        #{productModule.description},#{productModule.url},#{productModule.cavalry},
        #{productModule.size},#{productModule.type},#{productModule.publishTime},
        SYSDATE(),SYSDATE(),#{productModule.status}
        )
    </insert>

    <select id="selectCountByLicence" resultType="java.lang.Integer">
        select count(id) from t_product
        <where>
            licence=#{licence}
        </where>
    </select>

    <select id="selectBeforeGapPubTime" resultType="java.util.Date">
        select DATE_SUB(publish_time,INTERVAL #{day} DAY) from
        <choose>
            <when test="type !=null and type=='pingse'">
                t_product
            </when>
            <when test="type !=null and type=='taohua'">
                t_product_taohua
            </when>
            <when test="type !=null and type=='pingse_anime'">
                t_anime
            </when>
            <when test="type !=null and type=='bar'">
                t_product_bar
            </when>
        </choose>
        ORDER BY publish_time desc LIMIT 1
    </select>
</mapper>