<?xml version="1.0" encoding="UTF-8"?>
<!DOCTYPE mapper
        PUBLIC "-//mybatis.org//DTD Mapper 3.0//EN"
        "http://mybatis.org/dtd/mybatis-3-mapper.dtd">

<mapper namespace="com.example.dao.standard.TeacherDao">

    <insert id="insetNewTeacher" parameterType="com.example.module.TeacherModule">
        insert into t_teacher(id,name,status) values (#{id},#{name},#{status})
    </insert>

    <select id="selectCountByName" resultType="java.lang.Integer">
        select count(id) from t_teacher
        <where>
            name=#{name}
        </where>
    </select>

    <select id="selectTeacherIdByName" resultType="java.lang.String">
        select id from t_teacher
        <where>
            name=#{name}
        </where>
        limit 1;
    </select>

    <select id="updateTeacherTimes" parameterType="java.lang.String">
        update t_teacher set times=times+1
        <where>
            id=#{id}
        </where>;
    </select>

    <select id="getPrepareTeacherList" resultType="com.example.module.TeacherModule">
        select id,name,priority from t_teacher
        <where>
            priority = 0
            and
            <![CDATA[status <> 0]]>
        </where>
    </select>

    <update id="updateTeacherPriority">
        update t_teacher
        set
        priority=#{priority}
        <where>
            id=#{id}
            and
            <![CDATA[status <> 0]]>
        </where>
    </update>

    <select id="getTeacherById" resultType="com.example.module.TeacherModule">
        select * from t_teacher
        <where>
            id=#{id}
        </where>
    </select>
</mapper>