<?xml version="1.0" encoding="UTF-8"?>
<beans xmlns="http://www.springframework.org/schema/beans"
	xmlns:xsi="http://www.w3.org/2001/XMLSchema-instance"
	xmlns:aop="http://www.springframework.org/schema/aop" 
	xmlns:context="http://www.springframework.org/schema/context"
	xsi:schemaLocation="http://www.springframework.org/schema/beans 
		http://www.springframework.org/schema/beans/spring-beans-4.0.xsd
		http://www.springframework.org/schema/aop
		http://www.springframework.org/schema/aop/spring-aop-4.0.xsd
		http://www.springframework.org/schema/context
		http://www.springframework.org/schema/context/spring-context-4.0.xsd">
		
	<context:component-scan base-package="com.renss.spring.aop.privilege"></context:component-scan>
	
	<bean id="privilege" class="com.renss.spring.aop.privilege.aspect.AccessTargetMethod"></bean>
	
	<bean class="org.springframework.web.servlet.view.InternalResourceViewResolver">
		<property name="prefix" value="/" />
		<property name="suffix" value=".jsp" />
	</bean>
	
	<aop:config>
		<aop:pointcut expression="execution(* com.renss.spring.aop.privilege.service.impl.*.*(..))" id="privilegeExpression"/>
		<aop:aspect ref="privilege">
			<aop:around method="accessMethod" pointcut-ref="privilegeExpression"/>
		</aop:aspect>
	</aop:config>
</beans>