<?xml version="1.0" encoding="UTF-8"?>
<!--<!DOCTYPE html PUBLIC "-//W3C//DTD XHTML 1.0 Strict//EN" "http://www.w3.org/2002/xmlspec/dtd/2.10/xmlspec.dtd">-->


<Configuration status="OFF" monitorInterval="1800">

    <Properties> <!-- 配置日志文件输出目录，此配置将日志输出到tomcat根目录下的指定文件夹 原配置${sys:catalina.home}/WebAppLogs/HHServices -->
        <Property name="LOG_HOME">D:/java/log</Property>
        <Property name="BACKUP_HOME">D:/java/log/common/</Property>
        <Property name="SERVER_NAME">CrawlerService</Property>
    </Properties>
    <Appenders>
        <!--这个输出控制台的配置，这里输出除了warn和error级别的信息到System.out -->
        <Console name="Console" target="SYSTEM_OUT" follow="true">
<!--            <ThresholdFilter level="DEBUG" onMatch="ACCEPT"-->
<!--                             onMismatch="DENY" />-->
            <!-- 输出日志的格式 -->
            <PatternLayout pattern="%data{yyyy-MM-dd HH:mm:ss.SSS} %level [%thread][%file:%line] - %replace{%msg}{(\r\n)+|(\r)/(\n)|(%0d)|(%0a)|(%0D)|(%0A)}{}%n" />
        </Console>

        <!-- 自定义日志 -->
        <RollingFile name="LogInfo"
                     fileName="${LOG_HOME}/${SERVER_NAME}_info.log"
                     filePattern="${LOG_HOME}/${SERVER_NAME}_info_%i.log.zip" filePermissions="rw-r-----">
            <PatternLayout
                    pattern="%data{yyyy-MM-dd HH:mm:ss.SSS} %level [%thread][%file:%line] - %replace{%msg}{(\r\n)+|(\r)/(\n)|(%0d)|(%0a)|(%0D)|(%0A)}{}%n"/>
                <ThresholdFilter level="INFO" onMatch="ACCEPT" onMismatch="DENY"/>
                <Policies>
                    <!-- 每个日志文件最大2MB -->
                    <SizeBasedTriggeringPolicy size="10MB"/>
                </Policies>
        </RollingFile>

        <RollingFile name="LogDebug"
                     fileName="${LOG_HOME}/${SERVER_NAME}_debug.log"
                     filePattern="${LOG_HOME}/${SERVER_NAME}_info_%i.debug.zip" filePermissions="rw-r-----">
            <PatternLayout
                    pattern="%data{yyyy-MM-dd HH:mm:ss.SSS} %level [%thread][%file:%line] - %replace{%msg}{(\r\n)+|(\r)/(\n)|(%0d)|(%0a)|(%0D)|(%0A)}{}%n"/>
                <ThresholdFilter level="DEBUG" onMatch="ACCEPT" onMismatch="DENY"/>
                <Policies>
                    <!-- 每个日志文件最大2MB -->
                    <SizeBasedTriggeringPolicy size="10MB"/>
                </Policies>
        </RollingFile>

        <RollingFile name="LogError"
                     fileName="${LOG_HOME}/${SERVER_NAME}_error.log"
                     filePattern="${LOG_HOME}/${SERVER_NAME}_info_%i.error.zip" filePermissions="rw-r-----">
            <PatternLayout
                    pattern="%data{yyyy-MM-dd HH:mm:ss.SSS} %level [%thread][%file:%line] - %replace{%msg}{(\r\n)+|(\r)/(\n)|(%0d)|(%0a)|(%0D)|(%0A)}{}%n"/>
                <ThresholdFilter level="ERROR" onMatch="ACCEPT" onMismatch="DENY"/>
                <Policies>
                    <!-- 每个日志文件最大2MB -->
                    <SizeBasedTriggeringPolicy size="10MB"/>
                </Policies>
        </RollingFile>
    </Appenders>

    <Loggers>
        <!-- 第三方日志系统 -->
        <logger name="org.springframework.core" level="info" />
        <logger name="org.springframework.beans" level="info" />
        <logger name="org.springframework.context" level="info" />
        <logger name="org.springframework.web" level="info" />
        <logger name="org.jboss.netty" level="warn" />
        <logger name="org.apache.http" level="warn" />
        <logger name="spring.jta.atomikos" level="error" />
        <logger name="org.apache.ibatis" level="debug" />

        <!-- 配置日志的根节点 -->
        <!-- 定义logger，只有定义了logger并引入了appender，appender才会生效 -->
        <root level="info" includeLocation="true">
            <appender-ref ref="Console" />
            <appender-ref ref="LogInfo" />
            <appender-ref ref="LogDebug" />
            <appender-ref ref="LogError" />
        </root>
    </Loggers>
</Configuration>